Sample,Diagnosis,Case,Age,Sex,BrainRegion,Type,Type_RNAseqRunNumber,RNAseqPool,PMI,RIN,260/280,260/230,PositionOnSequencingPlate,BarcodeSequence
1028N,Control,1028,39,M,STG,Neuron,LCM_Run2,4,14,,,,C01,CGTCTAAC
1028Oligo,Control,1028,39,M,STG,Oligo,LCM_Run2,4,14,,,,H03,CTCGAACA
1297N,Control,1297,15,M,STG,Neuron,LCM_Run2,4,16,,,,B02,TCTTCGAC
1297Oligo,Control,1297,15,M,STG,Oligo,LCM_Run2,4,16,,,,H04,CAAGCCAA
1674N,Control,1674,8,M,STG,Neuron,LCM_Run2,4,36,,,,A03,GTACACCT
1674Oligo,Control,1674,8,M,STG,Oligo,LCM_Run2,4,36,,,,D05,GGATTCAC
177oldsamplerepeat,Control,177,16,M,STG,Neuron,LCM_Run2,5,19,,,,E01,GACTACGA
1841N,Control,1841,19,M,STG,Neuron,LCM_Run2,4,14,,,,A01,CGCTACAT
1841Oligo,Control,1841,19,M,STG,Oligo,LCM_Run2,4,14,,,,A05,CAGGTTCA
1859N,Control,1859,30,M,STG,Neuron,LCM_Run2,4,20,,,,E01,GTCGAGAA
2011oldSampleRepeat,Autism,2011.1,16,M,STG,Neuron,LCM_Run2,5,,,,,F01,CGTCCATT
2011,Autism,2011.1,16,M,STG,Oligo,LCM_Run2,5,,,,,H01,AACGCCTT
2012,Autism,2012.1,31,M,STG,Neuron,LCM_Run2,4,4,,,,E03,ATCGTCTC
2013,Autism,2013.1,29,M,STG,Neuron,LCM_Run2,4,14,,,,F03,CCAACACT
2014,Autism,2014.3,21,M,STG,Oligo,LCM_Run2,5,12,,,,B02,CAAGCCAA
4287N,Control,4287,31,M,STG,Neuron,LCM_Run2,4,19,,,,F02,ACCATCCT
4287Oligo,Control,4287,31,M,STG,Oligo,LCM_Run2,4,19,,,,G03,TCTAGGAG
4336N,Control,4336,13,F,STG,Neuron,LCM_Run2,4,17,,,,D01,AACTCGGA
4336Oligo,Control,4336,13,F,STG,Oligo,LCM_Run2,4,17,,,,C06,AGACCTTG
4498N,Autism,4498,56,M,STG,Neuron,LCM_Run2,4,19.48,,,,C03,CGACCTAA
5000Oligo,Autism,5000,27,M,STG,Oligo,LCM_Run2,5,8.3,,,,A01,CGCTACAT
5144Oligo,Autism,5144,20,M,STG,Oligo,LCM_Run2,5,23.6,,,,A02,TCCATTGC
5173,Autism,5173,30,M,STG,Neuron,LCM_Run2,5,20.33,,,,D01,GTCGAGAA
5235N,Control,5235,28,M,STG,Neuron,LCM_Run2,4,24,,,,B03,ACGAGAAC
5235Oligo,Control,5235,28,M,STG,Oligo,LCM_Run2,4,24,,,,G01,ATGACAGG
5376,Control,5376,13,M,STG,Neuron,LCM_Run2,5,19,,,,C01,CGTCTAAC
5387N,Control,5387,12,M,STG,Neuron,LCM_Run2,4,13,,,,C04,AACCGAAC
5387Oligo,Control,5387,12,M,STG,Oligo,LCM_Run2,4,13,,,,B05,ACTGGTGT
5562N,Autism,5562,39,M,STG,Neuron,LCM_Run2,4,22.75,,,,B01,AATCCAGC
5562Oligo,Autism,5562,39,M,STG,Oligo,LCM_Run2,4,22.75,,,,H01,GCACACAA
5813N,Control,5813,41,M,STG,Neuron,LCM_Run2,4,27,,,,B04,CTAAGACC
5813Oligo,Control,5813,41,M,STG,Oligo,LCM_Run2,4,27,,,,F05,CACGATTC
6078N,Control,6078,21,M,STG,Neuron,LCM_Run2,4,30,,,,F04,AACGCCTT
6078Oligo,Control,6078,21,M,STG,Oligo,LCM_Run2,4,30,,,,C05,AGAAGGAC
6221N,Control,6221,22,M,STG,Neuron,LCM_Run2,4,24.2,,,,C02,GACTACGA
6221Oligo,Control,6221,22,M,STG,Oligo,LCM_Run2,4,24.2,,,,B06,GACACAGT
6337N,Autism,6337,22,M,STG,Neuron,LCM_Run2,4,25,,,,A02,CTCCTAGT
6401Oligo,Autism,6401,39,M,STG,Oligo,LCM_Run2,5,14,,,,G01,TCTAGGAG
6469Oligo,Autism,6469,49,F,STG,Oligo,LCM_Run2,5,16.33,,,,B01,CTCCTAGT
6677N,Autism,6677,30,M,STG,Neuron,LCM_Run2,4,16,,,,E02,CTTCCTTC
6677Oligo,Autism,6677,30,M,STG,Oligo,LCM_Run2,4,16,,,,H02,AACTTGCC
6916N,Control,6916,52,F,STG,Neuron,LCM_Run2,4,17.88,,,,D03,TACATCGG
6916Oligo,Control,6916,52,F,STG,Oligo,LCM_Run2,4,17.88,,,,H05,AGACATGC
6951N,Control,6951,17,M,STG,Neuron,LCM_Run2,4,29,,,,A04,ACGGACTT
6951Oligo,Control,6951,17,M,STG,Oligo,LCM_Run2,4,29,,,,E05,TGAGCTGT
7090N,Autism,7090,9,M,STG,Neuron,LCM_Run2,4,,,,,D02,ACTCCTAC
7090Oligo,Autism,7090,9,M,STG,Oligo,LCM_Run2,4,,,,,G05,CAGAGTGA
7680N,Autism,B-7680,73,M,STG,Neuron,LCM_Run2,4,,,,,D04,CCTTAGGT
8135N,Autism,B-8135,65,M,STG,Neuron,LCM_Run2,4,,,,,E04,CCTATACC
8135Oligo,Autism,B-8135,65,M,STG,Oligo,LCM_Run2,4,,,,,A06,AGGTTCCT
8589N,Autism,B-8589,38,M,STG,Neuron,LCM_Run2,4,,,,,F01,ACAACAGC
AATCCAGC,,,,,,,,,,,,,,
AOA02,Control,5386,68,M,STG,Neuron,LCM_Run1,3,16.5,,,,A02,CTCCTAGT
AOA03,Autism,5000,27,M,STG,Neuron,LCM_Run1,3,8.3,,,,A03,GTACACCT
AOB02,Autism,5342,11,F,STG,Neuron,LCM_Run1,3,12.88,,,,B02,TCTTCGAC
AOB03,Autism,6401,39,M,STG,Neuron,LCM_Run1,3,14,,,,B03,ACGAGAAC
AOC01,Control,5376,13,M,STG,Neuron,LCM_Run1,3,19,,,,C01,CGTCTAAC
AOC02,Control,177,16,M,STG,Neuron,LCM_Run1,3,19,,,,C02,GACTACGA
AOD01,Autism,2014.3,21,M,STG,Neuron,LCM_Run1,3,12,,,,D01,AACTCGGA
AOD02,Control,5288,27,M,STG,Neuron,LCM_Run1,3,13,,,,D02,ACTCCTAC
AOE01,Autism,5173,30,M,STG,Neuron,LCM_Run1,3,20.33,,,,E01,GTCGAGAA
AOE02,Control,5334,30,M,STG,Neuron,LCM_Run1,3,14.8,,,,E02,CTTCCTTC
AOF01,Autism,6469,49,F,STG,Neuron,LCM_Run1,3,16.33,,,,F01,ACAACAGC
AOF02,Control,6076,38,M,STG,Neuron,LCM_Run1,3,25.47,,,,F02,ACCATCCT
AOG01,Control,4637,31,F,STG,Neuron,LCM_Run1,3,17,,,,G01,ATGACAGG
AOG02,Autism,2011.1,16,M,STG,Neuron,LCM_Run1,3,,,,,G02,CGTCCATT
AOH01,Control,5718,22,M,STG,Neuron,LCM_Run1,3,21.47,,,,H01,GCACACAA
AOH02,Autism,5144,20,M,STG,Neuron,LCM_Run1,3,23.6,,,,H02,AACTTGCC
BSS_A01,Control,3,5,M,STG,Block,Blocks_Run1,1,17,6.7,2.03,2.18,A01,CACGTCTA
BSS_A02,Control,1859,30,M,STG,Block,Blocks_Run1,1,20,6.8,2.03,2.21,A02,ACGTCGTT
BSS_A03,Control,4336,13,F,STG,Block,Blocks_Run1,1,17,6.6,1.97,2.07,A03,TCAGCCTT
BSS_A04,,,,,,,,,,,,,,
BSS_A05,Control,5387,12,M,STG,Block,Blocks_Run1,1,13,3.8,1.88,2.04,A05,ATGGCGAT
BSS_A06,Autism,6337,22,M,STG,Block,Blocks_Run1,1,25,3.1,1.96,2.03,A06,CCTGTCAA
BSS_A07,Control,5376,13,M,STG,Block,Blocks_Run1,1,19,7.4,2.01,2.11,A07,TATCGCGA
BSS_B01,Control,177,16,M,STG,Block,Blocks_Run1,1,19,4.2,1.96,2.07,B01,AGCTAGTG
BSS_B02,,,,,,,,,,,,,,
BSS_B03,Autism,4498,56,M,STG,Block,Blocks_Run1,1,19.48,1.6,1.98,1.97,B03,AAGGCTCT
BSS_B04,Control,5288,27,M,STG,Block,Blocks_Run1,1,13,5.7,1.99,2.07,B04,CGGAGTAT
BSS_B05,Autism,5562,39,M,STG,Block,Blocks_Run1,1,22.75,5.5,1.99,1.98,B05,AACGCCTT
BSS_B06,Autism,6401,39,M,STG,Block,Blocks_Run1,1,14,6.9,2.06,2.16,B06,GGTCGTAT
BSS_C01,Control,1028,39,M,STG,Block,Blocks_Run1,1,14,6.5,1.99,2.01,C01,ACTATCGC
BSS_C02,Autism,2011.1,16,M,STG,Block,Blocks_Run1,1,,2.4,1.99,2.1,C02,AGAAGCCT
BSS_C03,Control,4637,31,F,STG,Block,Blocks_Run1,1,17,3.7,2.01,2.16,C03,TGTTCCGT
BSS_C04,Control,5334,30,M,STG,Block,Blocks_Run1,1,14.8,5.1,2,2.14,C04,GAACCTTC
BSS_C05,Control,5718,22,M,STG,Block,Blocks_Run1,1,21.47,5.8,1.97,2.06,C05,GTAAGGTG
BSS_C06,Autism,6469,49,F,STG,Block,Blocks_Run1,1,16.33,3.7,1.98,2.11,C06,CGCTGATA
BSS_D01,Control,1297,15,M,STG,Block,Blocks_Run1,1,16,6.1,2.02,2.2,D01,GCGTATCA
BSS_D02,Autism,2012.1,31,M,STG,Block,Blocks_Run1,1,4,5.1,2,1.91,D02,GAAGATCC
BSS_D03,Autism,5000,27,M,STG,Block,Blocks_Run1,1,8.3,5,2.04,2.2,D03,GGAATGTC
BSS_D04,Autism,5342,11,F,STG,Block,Blocks_Run1,1,12.88,4.2,2.02,2.12,D04,AGAGGATG
BSS_D05,Control,5813,41,M,STG,Block,Blocks_Run1,1,27,5.3,1.99,2.13,D05,TGTCGACT
BSS_D06,Autism,6677,30,M,STG,Block,Blocks_Run1,1,16,5.1,2,2.08,D06,TAGCTTCC
BSS_E01,Control,1571,18,F,STG,Block,Blocks_Run1,1,8,3.5,2.01,2.11,E01,ACTCTCCA
BSS_E02,Autism,2013.1,29,M,STG,Block,Blocks_Run1,1,14,5.1,2.02,2.07,E02,TAGCTGAG
BSS_E03,Autism,5144,20,M,STG,Block,Blocks_Run1,1,23.6,5.2,2.02,2.13,E03,CATCCAAG
BSS_E04,Control,5352,31,M,STG,Block,Blocks_Run1,1,33,6.2,2.03,2.13,E04,ACGCTTCT
BSS_E05,Control,6076,38,M,STG,Block,Blocks_Run1,1,25.47,6.4,2.01,2.17,E05,ACTCTGAG
BSS_E06,Control,6916,52,F,STG,Block,Blocks_Run1,1,17.88,6.8,2,2.15,E06,CAAGTCGT
BSS_F01,Control,1583,26,M,STG,Block,Blocks_Run1,1,18,4,2,2.13,F01,CGTCCATT
BSS_F02,Autism,2014.3,21,M,STG,Block,Blocks_Run1,1,12,6.9,2.02,2.13,F02,ACGTCCAA
BSS_F03,Autism,5173,30,M,STG,Block,Blocks_Run1,1,20.33,5.8,2.02,2.14,F03,GTCAACAG
BSS_F04,Control,5376,13,M,STG,Block,Blocks_Run1,1,19,7.4,2.01,2.11,F04,CACAGGAA
BSS_F05,Control,6078,21,M,STG,Block,Blocks_Run1,1,30,6.5,1.99,2.17,F05,GATGGAGT
BSS_F06,Control,6951,17,M,STG,Block,Blocks_Run1,1,29,6.6,2,2.12,F06,GTCTCATC
BSS_G01,Control,1674,8,M,STG,Block,Blocks_Run1,1,36,7.3,2,2.16,G01,AGCCGTAA
BSS_G02,Control,4287,31,M,STG,Block,Blocks_Run1,1,19,6.2,1.95,2.07,G02,CACACATC
BSS_G03,Control,5235,28,M,STG,Block,Blocks_Run1,1,24,4.3,2,2.18,G03,TCGCTATC
BSS_G04,,,,,,,,,,,,,,
BSS_G05,Control,6221,22,M,STG,Block,Blocks_Run1,1,24.2,3.8,1.98,1.98,G05,CTAGCTCA
BSS_G06,Autism,7090,9,M,STG,Block,Blocks_Run1,1,,2.5,2.01,2.15,G06,ACCAAGCA
BSS_H01,Control,1841,19,M,STG,Block,Blocks_Run1,1,14,5.9,2.03,2.09,H01,GAGTAGAG
BSS_H02,Control,4327,5,F,STG,Block,Blocks_Run1,1,24,6.7,2.06,2.08,H02,CGGATCAA
BSS_H03,Control,5276,22,M,STG,Block,Blocks_Run1,1,18,6.3,2,2.07,H03,AGCCTATC
BSS_H04,Control,5386,68,M,STG,Block,Blocks_Run1,1,16.5,5.9,2,2.05,H04,CCTTCCAT
BSS_H05,Control,6316,32,F,STG,Block,Blocks_Run1,1,29,5.6,1.97,1.92,H05,CTGTACCA
BSS_H06,Autism,7109,51,M,STG,Block,Blocks_Run1,1,22,2.5,1.96,2.05,H06,AGTCAGGT
BSS2018_A01,Autism,B-7741,10,M,STG,Block,Blocks_Run2,2,,3.7,1.96,2.18,A01,CCACAACA
BSS2018_A02,Autism,B-8135,65,M,STG,Block,Blocks_Run2,2,,2.2,1.95,2.16,A02,CTCTCAGA
BSS2018_B01,Autism,B-8706,15,M,STG,Block,Blocks_Run2,2,,4.5,1.97,2.19,B01,CCGCTTAA
BSS2018_B02,Autism,B-7680,73,M,STG,Block,Blocks_Run2,2,,4,1.95,1.97,B02,AAGCTGGT
BSS2018_C01,Autism,B-8304,18,M,STG,Block,Blocks_Run2,2,,5,1.94,2.16,C01,GTGGTATG
BSS2018_C02,Autism,B-8130,16,M,STG,Block,Blocks_Run2,2,,4.3,1.96,2.12,C02,GTGTCCTT
BSS2018_D01,Autism,B-8654,20,M,STG,Block,Blocks_Run2,2,,4.7,1.95,2.19,D01,GGTGTACA
BSS2018_D02,Control,1864,2,F,STG,Block,Blocks_Run2,2,8,4.7,2.01,2,D02,AGGTCTGT
BSS2018_E01,Autism,B-8632,29,M,STG,Block,Blocks_Run2,2,,3.8,1.93,2.17,E01,TCTAGGAG
BSS2018_E02,Control,1674,8,M,STG,Block,Blocks_Run2,2,36,7.3,2,2.16,E02,CATTCGTC
BSS2018_F01,Autism,B-8589,38,M,STG,Block,Blocks_Run2,2,,5.7,1.94,2.19,F01,TGGAAGCA
BSS2018_F02,Control,1297,15,M,STG,Block,Blocks_Run2,2,16,6.1,2.02,2.2,F02,CTCACCAA
BSS2018_G01,Autism,B-8393,41,F,STG,Block,Blocks_Run2,2,,3.3,1.95,2.1,G01,AACACCAC
BSS2018_G02,Control,6951,17,M,STG,Block,Blocks_Run2,2,29,6.6,2,2.12,G02,GACTACGA
BSS2018_H01,Autism,B-8233,43,M,STG,Block,Blocks_Run2,2,,4.6,1.95,2.23,H01,CATACGGA
BSS2018_H02,Control,6076,38,M,STG,Block,Blocks_Run2,2,25.47,6.4,2.01,2.17,H02,ATACGCAG
